id,tweet,language
1423522671065649153,"MSP protects the farmers and also the Indian agriculture in situations where crops price fall down. If the farmers will be protected, they will keep up the agriculture in our nation.   #MSP_FarmersRight   #FarmersProtest  https://t.co/xex7NeSdH5 #MSP_FarmersRight",en
1426094262932832260,рдХрд┐рд╕рд╛рди рдиреЗрддрд╛ @RakeshTikaitBKU рдХреА рдЙрддреНрддрд░рд╛рдЦрдВрдб рд╕рд░рдХрд╛рд░ рдХреЛ рдЦреБрд▓реА рдЪреЗрддрд╛рд╡рдиреАред рдмреАрдЬреЗрдкреА рд╕рд░рдХрд╛рд░ рдкрд░ рдЦреБрд▓рдХрд░ рдмрд░рд╕реЗ рд░рд╛рдХреЗрд╢ рдЯрд┐рдХреИрддред рдкреВрд░рд╛ рд╡рд┐рдбрд┐рдпреЛ рджреЗрдЦрдиреЗ рдХреЗ рд▓рд┐рдП рд▓рд┐рдВрдХ рдкрд░ рдХреНрд▓рд┐рдХ рдХрд░реЗрдВ   https://t.co/qitNUlVe8I  @OfficialBKU @NareshTikait  #FarmersProtest #RakeshTikaitBKU  https://t.co/SbLH4qTebL,hi
1422689232020140032,"рижрйАрик ри╕ри┐рй▒ризрйВ рижрйА риШри╛ри▓ригри╛  ри╕рижриХри╛,  ри╕ри╝рйЗри░ рижрйА рижрйБри╣ри╛рйЬ ри╡ри╛ри▓рйЗ риЦри╛ри▓ри╕рйЗ ринри╛риИ рикри▓ри╡ри┐рй░рижри░ ри╕ри┐рй░риШ ридри▓ри╡ри╛рйЬри╛ рижрйА риЬри╝риори╛риирид риориириЬри╝рйВри░ риЦри╛ри▓ри╕ри╛ рикрй░рие риЦри╛ри╕риХри░ риирйМриЬри╡ри╛риири╛  'риЪ  риЦрйБри╕ри╝рйА рижрйА ри▓ри╣ри┐ри░ #FarmersProtest  https://t.co/u9gHxcNbL4",pa
1425196572879597575,риЕри╕ри▓ риори╣рйЛримрй▒рид риори╛риВ рижрйА риХрйБрй▒риЦрйЛ риЬриирио ри▓рйИриВрижрйА ри╣рйИ ридрйЗ ри░рйЗри╣рижрйА риЙриори░ ридрй▒риХ рикри▓рижрйА риЖ риори╛риВ ридрйЛриВ ри╡рй▒риз риХрйМриг рижри┐ри▓ри╛ рижрйАриЖ риЬри╛ ри╕риХрижри╛ риори╛риВ рижрйА риориоридри╛ ри▓рй▒риЦ риЧрйБригри╛ ри╕рйВриЪрйА риЖриИ  #FarmersProtest  https://t.co/O92NtkFQZF,pa
1423972466372775936,рдкреВрд░рд╛ рджреЗрд╢ рдереВрдХ рд░рд╣рд╛ рд╣реИ рдЗрд╕ рд╕рд░рдХрд╛рд░ рдкрд░ рд▓реЗрдХрд┐рди рдЕрдВрдзрднрдХреНрдд рдЕрднреА рддрдХ рдЪрд╛рдЯрдХрд░ рд╕рд╛рдлрд╝ рдХрд░рдиреЗ рдореЗ рд▓рдЧреЗ рд╣реИ рд╣рдж рд╣реИ ЁЯШВ  #FarmersProtest,hi
1422295680740171789,@AP Pork products weren't scarce before factory farms.   Only way they become scarce after this law is if the pork industry willfully withholds product.,en
1423549947798986754,"рдерд╛рд▓реА рдореЗрдВ рдкрд░реЛрд╕реА рдЧрдпреА рд╣рд░ рд░реЛрдЯреА рдХреА рдХрд╕рдо рд╣реИ ,рдЖрдЦрд┐рд░реА рд╕рд╛рдВрд╕ рддрдХ рдХрд┐рд╕рд╛рдиреЛрдВ рдХреЗ рд╕рд╛рде рдЦрдбрд╝реЗ рд╣реИрдВ рдФрд▒ рдЦрдбрд╝реЗ рд░рд╣реЗрдВрдЧреЗ ЁЯМ╛ЁЯС│тЬК#FarmersProtest #vgaurav @RahulGandhi @harishrawatcmuk @VaishaliChodha1 @garimadasauni @JasmineBSingh2 @WasiuddinSiddi1 @DeependerSHooda @anamikaa_143 @DeependerSHooda @LambaAlka",hi
1.4220164760687288e+18,рдХрд┐рд╕рд╛рди рд╡рд┐рд░реЛрдзреА рдкрд╛рд░реНрдЯреА рдХреЗ рдЦрд┐рд▓рд╛рдл рддрдм рддрдХ рдЦрдбрд╝реЗ рд░рд╣реЗрдВрдЧреЗ рдЬрдм рддрдХ рд╣рдорд╛рд░реА рдЬреАрдд рдирд╣реАрдВ рд╣реЛ рдЬрд╛рддреА...  #FarmersProtest  #7DaysOf_FarmersParliament  https://t.co/5z7e1IDz1O,hi
1422132357998551041,"UDTA Punjab ЁЯФе ""рднрд╛рд░рддреАрдп рдорд╣рд┐рд▓рд╛ рд╣реЙрдХреА рдЯреАрдо"" #ChakDeIndia #FarmersProtest рдЙрдирдХреЗ рд╣реА рдмрдЪреНрдЪреЗ рд╣реИ рдЬреЛ рджрд┐рд▓реНрд▓реА рдореЗрдВ рдмреЗрдареЗ рдЕрдкрдиреЗ рдЗрдиреНрд╕рд╛рдл рдХреЗ рд▓рд┐рдП рдХрд┐рд╕рд╛рди рд╣реИ...",hi
1425723276102230022,The god behind you is stronger than the enemy in front of you. #FarmersProtest   #Modi_SlaveOfCorporates  https://t.co/qCObzyhWjC,en
1423830474607243270,Everything modi did is bad. He has been fooling everyone for 7 years #FarmersProtest #Modi_KillerOfFarmerRights,en
1425269398487531528,Farmers are told them in which way a parliament will be oprerated.. #KisanSansad_vs_ModiSansad #FarmersProtest  #FarmersParliament  https://t.co/vc1sYAsJMn,en
1424552501987057664,"I believe that good journalism, good reporting and show the truth can make our world a better place but only if they are honest with their profession.  #ZeeNews_рджрд▓рд╛рд▓_рдореЛрджреА_рдХрд╛ #FarmersProtest",en
1424593719064469504,@ZeeNews dalal m0d1 ka M0d1 dalal. Ambani adani ka  #ZeeNews_рджрд▓рд╛рд▓_рдореЛрджреА_рдХрд╛ #FarmersProtest,in
1424565051243909122,"#FarmersProtest has exposed many truths out in public throughout its consistency. One is reality of godi media, pet journalists, false propaganda, fake narratives.  #ZeeNews_рджрд▓рд╛рд▓_рдореЛрджреА_рдХрд╛ #FarmersParliament  https://t.co/0rkHX9jnyW",en
1422790867757248513,#рддрд╛рдирд╛рд╢рд╛рд╣_рдореЛрджреА_рдХрд┐рд╕рд╛рди_рд╡рд┐рд░реЛрдзреА #FarmersProtest If you support Indian Farmers. Please use daily # given by @Kisanektamorcha with your tweets retweets quote tweets reply to someone use everywhere,en
1.4216534155206574e+18,Divide And Rule Is In The Blood Of Govrance system And Godi Media...  #ModiMedia_HatesFarmers  #FarmersProtest  https://t.co/chtv8g4udA,en
1425002274456162304,роЬроирпНродро░рпН роороирпНродро░ро┐ро▓рпН роЗро╕рпНро▓ро╛рооро┐ропро░рпНроХро│рпБроХрпНроХрпБ роХрпКро▓рпИ рооро┐ро░роЯрпНроЯро▓рпН - рокро╛роЬроХ рокро┐ро░роорпБроХро░рпН роХрпИродрпБ  ро╡ро┐ро░ро┐ро╡ро╛рой роЪрпЖропрпНродро┐роХрпНроХрпБ :  https://t.co/T3ZBtnU6B3  | #JantarMantar | #FarmerProtest | #BJP | #Muslims  https://t.co/KIAucM6YPW,ta
1425694976080371715,254 Days of Struggle 254 Days of Fight at Delhi Borders 254 Days of Ignorance by Modi 254 Days of Insult by Govt 254 Days of Chardi Kala #FarmerProtest #KisanMajdoorEktaZindabaad,en
1425847821022818310,@itspreetsidhu Make A Chain! I'm here to offer unwavering support to My Farmers!!  I'm voice of farmers!  &amp; you ?  Kindly raise you voice for farmers  bcz no farmers no food no future   #FarmersProtest  #KisanSansad_vs_ModiSansad,en
1422418710594207744,@AmritSi62426861 римри┐ри▓риХрйБрй▒ри▓ риЬрйА риЬрйЗ риЖрикри╛ риЕриЬрйЗ ри╡рйА ри╕ри╡ри╛ри▓ риири╛риВ риХри░рии ри▓рй▒риЧрйЗ ридри╛риВ риЗрй░риири╛риВ риирйЗ риХрйБрй▒риЭ ри╡рйА риири╣рйАриВ риЫрй▒рибригри╛ ри╕рин ри╡рйЗриЪ рижрйЗригриЧрйЗ #рдХрд┐рд╕рд╛рдиреЛрдВ_рдХреА_рдХреНрд░рд╛рдВрддрд┐ #FarmersProtest,pa
1422999420908367875,"рдореЛрджреА рдиреЗ рдмреБрд▓реЗрдЯ рдЯреНрд░реЗрди рдХрд╛ рд╕рдкрдирд╛ рджрд┐рдЦрд╛рдХрд░ рднрд╛рд░рддреАрдп рд░реЗрд▓  рдмреЗрдЪ рджреА, рдФрд░ рдЕрдм  рдХреГрд╖рд┐ рдХрд╛рдиреВрди рдХреЗ рдлрд╛рдпрджреЗ рдмрддрд╛рдХрд░ рдХреНрдпрд╛ рдЖрдкрдХреЛ рд▓рдЧрддрд╛ рд╣реИ рдЬрдореАрди рдирд╣реАрдВ рдмреЗрдЪреЗрдВрдЧреЗ тЭУ  #FarmersProtest #FarmersAgainstmodi #FarmersParliament #Farming #FarmersMarketWeek",hi
1422780665196515328,ридрйИриирйВрй░ риЪри╛риЕ ри╣рйИ ринрйАрйЬ рижри╛ риЕри╕рйАриВ ридри╛риВ риЗрй▒риХри▓рйЗ ри╣рйА риарйАриХ ри╣ри╛риВ ридрйВрй░ ри╕рй▒риориЭрижри╛ри░ ри░ри╣ри┐ риЕри╕рйАриВ ридри╛риВ риЭрй▒ри▓рйЗ ри╣рйА риарйАриХ ри╣ри╛риВ..   #рддрд╛рдирд╛рд╢рд╛рд╣_рдореЛрджреА_рдХрд┐рд╕рд╛рди_рд╡рд┐рд░реЛрдзреА #FarmersProtest #life,pa
1.420943728890372e+18,Fight For The Food You Eat... No farmers...  No food ... No future ... Save Farmers  Save our heritage...             #FarmersProtest   #рдХрд┐рд╕рд╛рди_рдирд╣реАрдВ_рднрд╛рдЬрдкрд╛_рдорд╡рд╛рд▓реА  https://t.co/6YPiHHQQU1,en
1425834584848044048,"Weakest prime manister we have seen. CA agitation No action,  farmers protest No action,  halla gulla in parliament  No action.  Where is 56 inch seena. This is for only poor people? How much time he will take.",en
1424081865279893504,@Jasmeet09409326 @beebaboys21 @Pawan86025155 @kidansohneo @karajlahoria97 @sntkaur @Baljind82972191 @Bamber_JDK @parmind71319899 @Hitesh_42200 рддреБрдо рдЬреБрд╝рд▓реНрдореЛрдВ рд╕рд┐рддрдо рдпреВ рдврд╛рддреЗ рд░рд╣реЛрдЧреЗ рд╣рдо рдЕрдкрдирд╛ рдЬрд┐рдЧрд░ рдЖрдЬрд╝рдорд╛рддреЗ рд░рд╣реЗрдВрдЧреЗ...  рддреБрдо рдХрд┐рддрдиреЛрдВ рдХреЗ рдореБрдВрд╣ рдмрдВрдж рдХрд░рддреЗ рд░рд╣реЛрдЧреЗ рд╣рдо рд╣рдХ рдХреА рдЖрд╡рд╛рдЬрд╝ рдЙрдард╛рддреЗ рд░рд╣реЗрдВрдЧреЗ...  #FarmersProtest  #Modi_KillerOfFarmerRights,hi
1.421694662822142e+18,рижрйВриЬрйАриЖриВ рижрйА риЬри┐рй░рижриЧрйА ридрйЛриВ ри╡рйА риХрйБрй▒риЭ ри╕ри┐рй▒риЦригри╛ рикрйИриВрижри╛ риЬри┐рй░рижриЧрйА риЫрйЛриЯрйА рикрйИ риЬри╛риВрижрйА риР риЦрйБриж ри╕римриХ ри╕ри┐риЦрижрйЗ ри╕ри┐риЦрижрйЗ  #ModiMedia_HatesFarmers  #FarmersProtest,pa
1.4206474583804723e+18,#рдореВрд▓рдирд┐рд╡рд╛рд╕реАрдирд╛рдпрдХ #рдмрд╣реБрдЬрдиреЛрдХрд╛рдмрд╣реБрдЬрдирднрд╛рд░рдд рднрдЧрд╡рд╛рдирдмрд╛рдмрд╛ рд╕рд╛рдирдк рдорд╣рд╛рд░рд╛рдЬ рдХреЗ 125рд╡реЗрдВ рдЬрдиреНрдордЬрдпрдВрддреА рдХреЗ рдЕрд╡рд╕рд░ рдкрд░ рдЖрдк рд╕рднреА рдореВрд▓рдирд┐рд╡рд╛рд╕реА рдмрд╣реБрдЬрдиреЛ рдХреЛ рдмрд╣реЛрдд рдмрд╣реЛрдд рдмрдзрд╛рдИрдпрд╛рдВ. #BanEVM #рдИрд╡реАрдПрдо_рд╣рдЯрд╛рдУ #рдмрд╣реБрдЬрдирдХреНрд░рд╛рдВрддрд┐рдореЛрд░реНрдЪрд╛ #рдХрд┐рд╕рд╛рдирдЖрдВрджреЛрд▓рди #FarmersProtest #WeStronglyStandWithOurFarmers #рд░рд╛рд╖реНрдЯреНрд░реАрдпрдХрд┐рд╕рд╛рдирдореЛрд░реНрдЪрд╛ #рд░рд╛рд╖реНрдЯреНрд░реАрдпрдкрд┐рдЫрдбрд╛рд╡рд░реНрдЧрдореЛрд░реНрдЪрд╛  https://t.co/2IxCq5YKsY,hi
1426097580052680707,@SevadalJK @rajanipatil_in @GAMIR_INC @INCJammuKashmir @IYCJammuKashmir #TwitterBJPseDarGaya #ZeeNews_рджрд▓рд╛рд▓_рдореЛрджреА_рдХрд╛  #GodiMedia #ModiVsFarmersParliament  #рдордВрддреНрд░реА_рдирд╣реАрдВ_рдЦреЗрддреА_рдХрд╝рд╛рдиреВрди_рд╣рдЯрд╛рдУ  #рдЪреМрдХреАрджрд╛рд░_рд╣реА_рдЪреЛрд░_рд╣реИ Modi Govt has paralyzed the Indian Economy. goes to Modi who has been fooling 135 crore people for 8 years continuously #FarmersProtest #рдореЛрджреА_рд╕рдмрд╕реЗ,en
1.4206706241296998e+18,рд╕реБрдмрд╣ рдХрд╛ рдЧреБрдВрдбрд╛ рдЕрдЧрд░ рд╢рд╛рдо рддрдХ рдмреАрдЬреЗрдкреА  рдЬреНрд╡реЙрдЗрди рдХрд░ рд▓реЗ рддреЛ рдЙрд╕реЗ рдЧреБрдВрдбрд╛ рдирд╣реА  рджреЗрд╢рднрдХреНрдд рдХрд╣рддреЗ рд╣реИрдВ !!! #рдХрдВрдкрдирд┐рдпреЛрдВ_рдХреА_рдореЛрджреА_рд╕рд░рдХрд╛рд░  #FarmersProtest,hi
1423108537664917510,"Where you see wrong or inequality or injustice, speak out, because this is YOUR country. This is YOUR democracy. Make it. Protect it. Pass it on.  ЁЯУвSpeak up for FARMERS.  #FarmersProtest   02:28:10",en
1426016638348906505,We the farmers of India demand the Parliament to make MSP by law  Make farmer and India Atamnirbhar   #MSP_рдХрд╛рдиреВрди_рдмрдирд╛рдирд╛_рдкрдбрд╝реЗрдЧрд╛ #FarmersProtest ..................................,en
1423583396731576320,@SupriyaShrinate Plse don't get into naming issue..its a diversion bogey thrown....just to take away focus on key issues like #Pegasus #FarmersProtest   Stick to corruption issues..they are feeling the heat... Don't let go @RahulGandhi @ambkcsingh @PChidambaram_IN @ppbajpai @svaradarajan,en
1423655544053587970,рдХрд┐рд╕рд╛рдиреЛрдВ рдХреЛ @yadavakhilesh рдЬреА рд╕рд░реНрдХрд┐рд▓ рд░реЗрдЯ рдХрд╛ 6 рдЧреБрдирд╛ рдореБрдЖрд╡рдЬрд╛ рджреЗрдВрдЧреЗ   #FarmersProtest @Alokvermabku @NareshUttamSP @RakeshTikaitBKU @SwarajBharat19 @rajki @rajeev0803 @manishjagan @GauravPrakashSP @brajeshlive @aashishsy @juhiesingh @postfaisal @FarmersUP_ @PragyaLive @UDhakre,hi
1423434966109720576,риХри╛ри╡ри╛риВ ри╡ри╛ри▓рйА риХрижрйЗ риири╣рйАриВ рикрй░риЪри╛риЗрид риЪрйБригрйА рижрйА ри╡рйЗриЪриХрйЗ риЬри╝риорйАри░ри╛риВ риХрижрйЗ риири╣рйАриВ ри╕ри░риХри╛ри░ риЪрйБригрйА рижрйА... #FarmersProtest,pa
1.4220110748705341e+18,#7DaysOf_FarmersParliament #FarmersProtest  Farmers are fighting for our generations and their rights...  https://t.co/E1SRKkVmts,en
1.4213390877982597e+18,#рдХрд┐рд╕рд╛рди_рд╡рд╛рд░рд┐рд╕_рдЙрдзрдо_рд╕рд┐рдВрд╣_рдХреЗ #FarmersProtest If you support Indian Farmers. Please use daily # given by @Kisanektamorcha with your tweets retweets quote tweets reply to someone use everywhere,en
,"@Panther7112 @armybratspeaks And WTF was he doing all this time? Feeding the snake both solid and liquid diets, and supporting it  https://t.co/vas9KENf7m developed sufficient venom. Problem is, the snake now has a mind of it own, and is turning on its creator. Divine justice.",en
1426062360276463623,Modi ji please keep your ego on the side and listen to the farmers for the betterment of the farmer's and country тА╝я╕П  #MSP_рдХрд╛рдиреВрди_рдмрдирд╛рдирд╛_рдкрдбрд╝реЗрдЧрд╛  #FarmersProtest,en
1422463039299858475,риХри┐ри╕ри╛рии риориЬри╝рижрйВри░ риПриХридри╛ риЬри╝ри┐рй░рижри╛римри╛риж рикрй░риЬри╛рим рикрй░риЬри╛римрйАриЕрид риЬри╝ри┐рй░рижри╛римри╛риж No Farmer No Food  #рдХрд┐рд╕рд╛рдиреЛрдВ_рдХреА_рдХреНрд░рд╛рдВрддрд┐ #FarmersProtest,pa
1425636705386713095,"@jazz19821 Tusi BSNL рижри╛ ри╕ри┐рио use риХри░рижрйЗ риУ ринрйИригрйЗ? ,,,mera tweet RT риирйА риХри░рижрйЗ ЁЯШП   #Modi_SlaveOfCorporates    #FarmersProtest",und
1424579152435351558,#ZeeNews_рджрд▓рд╛рд▓_рдореЛрджреА_рдХрд╛ #FarmersProtest  риЦрйЗридрйАримри╛рйЬрйА риорй░ридри░рйА ридрйЛриори░ ридрйЗ риЖрикригрйЗ ри╣рйА ри╣ри▓риХрйЗ рижрйЗ ри▓рйЛриХри╛риВ риирйЗ ри╕рйБрй▒риЯри┐риЖ риЪри┐рй▒риХрйЬ |  https://t.co/uA7LEOKXJ9,pa
1.421055479086678e+18,Farmers are going to rewrite the  destiny of India !!  #BJPExposedAgain  #BJPLootingIndia  #BJP_рджреЗрд╢рджреНрд░реЛрд╣реА_рд╣реИ  #BJP_рд╣рдЯрд╛рдУ_рджреЗрд╢_рдмрдЪрд╛рдпреЛ  #ModiInsultsDemocracy  #ModiDisasterForIndia  #FarmersProtest  #FarmersProtest_AtParliament  #farmersOurLifeLine #companyculture  #DeshDrohiModiShah  https://t.co/ILKm65Sghn,en
1425995485563691013,Repeal THREE BLACK LAWS!!!ЁЯТп ЁЯМ╛ Saada hakk ethe rakhЁЯТкЁЯМ╛ЁЯЪЬ   #FarmersProtest  #MSP_рдХрд╛рдиреВрди_рдмрдирд╛рдирд╛_рдкрдбрд╝реЗрдЧрд╛,et
1425287727923163138,ри╣рй▒риХри╛ рижрйА ри▓рйЬри╛риИ риХрй▒ри▓рйЗ 3 риХри╛ри▓рйЗ  риХриирйВрй░рии ри╡ри╛рикри╕ риХри░ри╛риЙриг рижрйА ри╣рйА риири╣рйАриВ  рикрй░риЬри╛рим рижрйЗ риЬрйЛ ри╣рй▒риХ рижри┐рй▒ри▓рйА рижрй▒римрйА римрйИриарйА риЖ    риЙриирйНри╣ри╛риВ рижрйА ри╡рйА ри╣рйЛригрйА риЪри╛ри╣рйАрижрйА риЖ #KisanSansad_vs_ModiSansad #FarmersProtest,pa
1.4210852926566892e+18,Look at Peaceful Farmers in #Rajasthan ЁЯдм  @M_Lekhi was absolutely right calling them Mawali!!  #FarmersProtest,en
1.4216845381623808e+18,"80% of today's media channels are created, controlled and run by Corporates. Rest 10-15% are controlled by govt through Pegasus, threats and money.  And you guys still expect unbiased media?  #ModiMedia_HatesFarmers  #FarmersProtest",en
1426007905694715906,God Bless You God Bless Your Families God Bless Farmers and Hardworking Honest People  Support Farmers + their fight for MSP  Support Democracy  #MSP_рдХрд╛рдиреВрди_рдмрдирд╛рдирд╛_рдкрдбрд╝реЗрдЧрд╛ #FarmersProtest    ........,en
1425659431249920001,The stronghold of public department by govt gives assurance to public.  But selling the same departments to corporates brings uncertainity into the whole operational chain in the country.  Indian govt is on free spree selling the country.  #FarmersProtest  #Modi_SlaveOfCorporates,en
1423522762308472841,#MSP_FarmersRight #FarmersProtest  риЖ рикри┐риЖри░ рикри┐риКри░ ридрйЛриВ римриЪ риХрйЗ ри░ри┐ри╣ри╛ риХри░рйЛ ри╕ри╛ри▓ри╛ рижрйЗри╕рйА риЬри┐ри╣ри╛ римрй░рижри╛ ри╡рйА риЪрй▒риХри╡рйАриВ риЬрйА рилрйАри▓ри┐рй░риЧ ри▓рйИ ри▓рйИриВрижри╛ римри╛риЕриж риЪ ри╕рйЛриЪрижри╛ риЖ ри╕ри╛ри▓ри╛ ри╣рйЛ риХри┐ риЧри┐риЖ риорйИриВ ридри╛риВ риПри╣рйЛриВ риЬрйЗри╣ри╛ ри╣рйИриирйА ри╕рйА рикри╣ри┐ри▓ри╛ЁЯдгЁЯдгЁЯдгЁЯдгЁЯдгЁЯдгЁЯдгЁЯдгЁЯдг,pa
1422940930693345287,ридрйЗри░рйЗ рижри░ рижрйАриЖриВ римри░рйВри╣ри╛риВ ' риЪрйЛриВ риЙри▓рилри╝рид рижри╛ риЗрй▒ридри░ ри░ри┐ри╕рижри╛ ридрйЗри░рйА риЧри▓рйА рижрйА ри╣ри░ риЗрй▒риЯ риЙрй▒ридрйЗ риорйИриирйВрй░ ' риири╛риириХ ри▓ри┐риЦри┐риЖ рижри┐ри╕рижри╛ риПред  #FarmersProtest,pa
1423819127781687296,I support farmers because I believe they have the right to live their lives with dignity. And I will continue supporting them until they get their rights  #Modi_KillerOfFarmerRights #FarmersProtest  https://t.co/fJLYYTp6iu,en
1423543236107194372,"Great that citizensтАЩ requests is considered crucial enough to rename khel ratna, now kindly listen to farmersтАЩ pending requests also- theyтАЩre also citizensтАЩ requests ЁЯШАЁЯЩПЁЯП╜ЁЯЪЬЁЯМ╛ЁЯзСтАНЁЯМ╛ Reoeal new farm laws and make MSP law   #MSP_FarmersRight",en
1422750750577356801,Democracy index ри╡ри┐рй▒риЪ ринри╛ри░рид 53ри╡рйЗриВ риирй░римри░ ридрйЗ риЖ рикри░ риорйИриирйВрй░ ридри╛риВ ри▓рй▒риЧрижри╛ рикри┐рй▒риЫрйЛриВ рикри╣ри┐ри▓рйЗ риирй░римри░ ридрйЗ риЖ #FarmersProtest #рддрд╛рдирд╛рд╢рд╛рд╣_рдореЛрджреА_рдХрд┐рд╕рд╛рди_рд╡рд┐рд░реЛрдзреА  https://t.co/Fbaj4CMJTp,pa
1424358948564463620,@Badsah77813160 @ANUR1G @Pooja_Tripathii Did you read Farm laws? I did. I am a law student. I went through them. There was nothing that could harm farmers. All that is given there is an optional mechanism. Stop getting carried away by fake news and ppl.,en
1423586707492986882,"@HughGillanders Being tough is prized in the rural &amp; farming circles,  A culture of being chosen by breeding &amp; family history to get the farm A culture of looking down on the unlanded Working living in isolation for days where mentally one is their own law  Was a prayer ever said in that home?",en
1419705779049799693,"рднреЛрд▓реА рд╕реА рд╕реВрд░рдд, рд╣рд╛рдереЛ рдореЗрдВ рдХреЗрддрд▓реА ...! рджреВрд░ рдЦрдбрд╝рд╛ рдЪрд┐рд▓реНрд▓рд╛рдпреЗ ..   рдЪрд╛рдп рдЪрд╛рдп .   рдореЗрд░реА рдирдЬрд░ рд╕реЗ рддреБрдо рджреЗрдЦреЛ рддреЛ, рдЪреЛрд░ рдирдЬрд░ рд╡реЛ рдЖрдпреЗ , рдЖрдп  рд╣рд╛рдп  @narendramodi   #AbkiBaarDidiSarkar #Didi  #FarmerProtest @azoyafatima @smritiirani",hi
1.4208904259723305e+18,"рдмрдЪреНрдЪреЗ рдиреЗ рдмрддрд╛рдП рдХреГрд╖рд┐ рдХрд╛рдиреВрдиреЛрдВ рдХреЗ рдиреБрдХрд╕рд╛рди, рдмреЛрд▓рд╛-   ""рд╕рд░рдХрд╛рд░ рдмрддрд╛рдП рдмрд╛рдд рдХрд░рдиреЗ рдХреЗ рд▓рд┐рдП рдХрдм рдФрд░ рдХрд╣рд╛рдВ рдЖрдирд╛ рд╣реИ""   #FarmersProtest #рдХрд┐рд╕рд╛рди_рдЖрдВрджреЛрд▓рди  https://t.co/47CD52Z6cY",hi
1.4217270257154662e+18,рдХрд┐рд╕рд╛рдиреЛрдВ рдХреЗ рдирд╛рдо рдореЛрджреА рдХрд╛ рд╡рд┐рд░реЛрдзред  рдХрд╝рд╛рдиреВрди рдХреЛ рдХрд╛рд▓рд╛ рддреЛ рдмрддрд╛рдпрд╛ рд▓реЗрдХрд┐рди рдХрд╝рд╛рдиреВрди рдореЗрдВ рдХрд╛рд▓рд╛ рдХреНрдпрд╛ рд╣реИ рд╡реЛ рдирд╣реАрдВ рдмрддрд╛ рдкрд╛рдпреЗред  #FarmersProtest  #farmersprotests,hi
1424738443385466883,"рдпреЗ 7 рд╕рд╛рд▓ рд╡рд╛рджрд╛рдЦрд┐рд▓рд╛рдлреА рдФрд░ рдЭреВрдареЗ рдЬреБрдорд▓реЛрдВ рдХреЗ рд░рд╣реЗ рд╣реИрдВ, рджреЗрд╢ рдХреА рдЬрдирддрд╛ рдзреЛрдЦрд╛ рджреЗрдиреЗ рд╡рд╛рд▓реЛрдВ рдХреЛ рдХрднреА рдорд╛рдл рдирд╣реАрдВ рдХрд░реЗрдЧреАред #FarmersProtest  #FarmersShineInOlympics  @narendramodi @AmitShah  https://t.co/2uZGlHQD88",hi
1425980850336768003,риЪрй░риЧрйЗ рижрйА ри╕ри┐рилрид риХри░рии риири╛ри▓рйЛ риори╛рйЬрйЗ риирйВрй░ риори╛рйЬри╛ риХри╣ри┐риг риирйВрй░ ри▓рйЛриХ ридри░риЬри╝рйАри╣ рижри┐рй░рижрйЗ ри╣рии!!  #FarmersProtest,pa
1423585503614484484,"A leader must stand with poor and downtrodden, that is why I like #RahulGandhi  #Rahul_Gandhi is the future of India ЁЯЗоЁЯЗ│   #FarmersProtest  #FarmersProtests",en
1.421095052877566e+18,Hundreds of farmers &amp; mazdoors have lost their lives in this struggle but the Centre refuses to see.  #AdjounrmentMotion #KisaanMajdoorEktaZondabad #FarmersProtest,en
1423293458639323144,"@chitraaum @manojsinha_ Hlo Dalalan Chitra ji har roj #FarmerProtest pe lakho tweet hote hai kabhi uski baat ki, or to aur #Justiceforssr pe bhi uspe kabhi boli,   Aaj lakho tweet #JusticeForDelhiCanttGirl pe hua uspe to kuch nhi boli ye 200 rupay extra kamane ke lie propaganda chalu kr di Modi ki gullu",hi
1425775006944940036,"One person in India always do only historic work ,as he himself says so. Demonization, GST, Farm Law, New Insurance rule  Wherever he said historic it turned out to be a big fiasco. Wait for next historic event.",en
1422553378333286400,"рдХрд┐рд╕рд╛рди рдЦреЗрдд рдореЗрдВ рдЕрдЪреНрдЫреЗ рд▓рдЧрддреЗ рд╣реИ, рдЕрдЧрд░ рд╕рдбрд╝рдХ рдкрд░ рдЖ рдЬрд╛рдПрдВ рддреЛ, рд╕рд░рдХрд╛рд░ рдХреА рд╕рдмрд╕реЗ рдмрдбрд╝реА рдирд╛рдХрд╛рдордпрд╛рдмреА рд▓рдЧрддреА рд╣реИ #рдХрд┐рд╕рд╛рди_рдЖрдВрджреЛрд▓рди #FarmersProtest  #рдХрд┐рд╕рд╛рди_рдПрдХрддрд╛_рдЬрд┐рдВрджрд╛рдмрд╛рдж #рдХрд┐рд╕рд╛рдиреЛрдВ_рдХреА_рдХреНрд░рд╛рдВрддрд┐  https://t.co/sfcWXia3nB",hi
1426182746137710593,римри╛ри░рйА римри░ри╕рйА риЦрй▒риЯриг риЧри┐риЖ ри╕рйА риЦрй▒риЯ риХрйЗ ри▓ри┐риЖриВрижри╛ риХрй░риЧри╛ риорйЛрижрйАриЖ рикриЫридри╛ри╡рйЗ риЧри╛ ри▓рйИ риХрйЗ риХри┐ри╕ри╛риири╛риВ риири╛ри▓ рикрй░риЧри╛  #FarmersProtest,pa
1423094151764086791,Quality of a leader is reflected in the standards they set for themselves.   #рдореЛрджреА_рд╕рдмрд╕реЗ_рдмрдбрд╝реА_рдкрдиреМрддреА  #FarmersProtest  https://t.co/oFnS0GO5mC,en
1.421336027608752e+18,"Love cultivates hope; hope fertilizes resilience, and we can all be farmers of dreams. A rugged man of the earth, he breathed life into this farm. #FarmersProtest  #рдХрд┐рд╕рд╛рди_рд╡рд╛рд░рд┐рд╕_рдЙрдзрдо_рд╕рд┐рдВрд╣_рдХреЗ  https://t.co/Hx8nCQp7gp",en
1.4216450392650138e+18,"8 months 243 days and 5840 hours of suffering , atrocities and ignorance still firm, peaceful and positive #FarmersProtest #ModiMedia_HatesFarmers",en
1425180428428787715,ItтАЩs a shame on this system. DonтАЩt give up. We will win. Stay strong. #FarmersProtest  #BJPMotto_KeepFarmersPoor,en
1425974090511241216,риХриориЬри╝рйЛри░ риирйВрй░ ридрйЛрйЬрии ри▓риИ ри╕ри╝рйИридри╛рии рипридриири╕ри╝рйАри▓ ри░ри╣ри┐рй░рижрйЗ ри╣рии рикри░ риориЬри╝римрйВрид риирйВрй░ ридрйЛрйЬрии ри▓рй▒риЧри┐риЖриВ риЗри╣рйА ри╕ри╝рйИридри╛рии риЖрик риЯрйБрй▒риЯ риЬри╛риВрижрйЗ ри╣рииред #FarmersProtest,pa
1422093002764394506,onnniaa11: @NPANNU4 Where else would this be acceptable. The stark contrast of those in the fields or at the Morcha compared to this? Speaks volumes without uttering a word. #рдХрд┐рд╕рд╛рди_рдирд╣реАрдВ_рднрд╛рдЬрдкрд╛_рдорд╡рд╛рд▓реА #FarmerProtest  https://t.co/uOOcTiWjk4,en
1425723480234860544,рикри┐рй░риб ризрйВрй░рижри╛ (ри╣ри▓риХри╛ риЦрибрйВри░ ри╕ри╛ри╣ри┐рим) ри╡ри┐риЦрйЗ ризрй░рии ризрй░рии римри╛римри╛ ринри╛риИ риЦри╛рии ри╕ри╝ри╛ри╣ риЬрйА рижрйЗ риЕри╕риери╛рии ридрйЗ риорйИрибрйАриХри▓ риХрйИриВрик ри╕ри╝рйБри░рйВ ри╣рйЛ риЪрйБрй▒риХри╛ ри╣рйИ риЬрйАред риХри┐ри░рикри╛ риХри░риХрйЗ риЬри╛ригриХри╛ри░рйА ри▓рйЛрйЬри╡рй░рижри╛риВ ридриХ риЬри░рйВри░ рикри╣рйБрй░риЪри╛риЙригри╛ риЬрйАред @ArvindKejriwal @BhagwantMann @raghav_chadha @JarnailSinghAAP #FarmersProtest  https://t.co/GQIip1UyuY,pa
1423567434070462475,Guru Nanak de kheta'n cho Barkat Ni Ja SakdiЁЯМ╛ЁЯТЪЁЯТл  #FarmerProtest,in
1.4207969540160553e+18,"рдмрдЪреНрдЪреЗ рдиреЗ рдмрддрд╛рдП рдХреГрд╖рд┐ рдХрд╛рдиреВрдиреЛрдВ рдХреЗ рдиреБрдХрд╕рд╛рди, рдмреЛрд▓рд╛-   ""рд╕рд░рдХрд╛рд░ рдмрддрд╛рдП рдмрд╛рдд рдХрд░рдиреЗ рдХреЗ рд▓рд┐рдП рдХрдм рдФрд░ рдХрд╣рд╛рдВ рдЖрдирд╛ рд╣реИ""   @RakeshTikaitBKU @PMishra_Journo @LambaAlka  #FarmersProtest #рдХрд┐рд╕рд╛рди_рдЖрдВрджреЛрд▓рди  https://t.co/7IPHt8Di3t",hi
1422117562037407745,рджрд┐рд▓реНрд▓реА : рдХреГрд╖рд┐ рдХрд╛рдиреВрдиреЛрдВ рдХреЗ рдЦрд┐рд▓рд╛рдл рд╡рд┐рд░реЛрдз рдкреНрд░рджрд░реНрд╢рди рдХрд░ рд░рд╣реЗ рдХрд┐рд╕рд╛рди рдЬрдВрддрд░-рдордВрддрд░ рдкрд░ рдХрд┐рд╕рд╛рди рд╕рдВрд╕рдж рдЪрд▓рд╛ рд░рд╣реЗ рд╣реИрдВ. рдХрд┐рд╕рд╛рди рд╕рдВрд╕рдж рдХреЗ рдорджреНрджреЗрдирдЬрд╝рд░ рдЬрдВрддрд░-рдордВрддрд░ рдкрд░ рд╕реБрд░рдХреНрд╖рд╛ рдмрд▓ рддреИрдирд╛рдд рд╣реИ  #Delhi #FarmersProtest #FarmLaws  https://t.co/OlDScxxdEP,hi
1423457286861647877,Farmers- demand repeal of farm  Modi- my  pitch my rules farmers- let us show him who's pitch is this.  #FarmersProtest #MSP_FarmersRight  https://t.co/L5EOLgNSU4,en
1.420944971532624e+18,#рдХрд┐рд╕рд╛рди_рдирд╣реАрдВ_рднрд╛рдЬрдкрд╛_рдорд╡рд╛рд▓реА Bjp need to understand forcing large community of farmers for bill is not going to work ..#FarmersProtest,en
1422947144323899396,|я┐гя┐гя┐гя┐гя┐гя┐гя┐гя┐гя┐гя┐гя┐г|  I STAND WITH FARMERS |я╝┐я╝┐я╝┐я╝┐я╝┐я╝┐я╝┐я╝┐я╝┐я╝┐я╝┐|                  \ (тАвтЧбтАв) /                    \      /                      ---                     |   |  Yes I am stand with Farmers.   #FarmersProtest,en
1.42134566254157e+18,We will only return home afterтАж  Winters тЭМ Summers тЭМ Rains тЭМ Govt. Atrocities тЭМ Attack of BJP/ RSS goons тЭМ  3 Black Farm Laws are repealed and MSP guarantee is ensured тЬЕтЬЕЁЯТпЁЯТп  #8MonthsOfFarmersProtest  #FarmersProtest ЁЯМ╛,en
1.4214116061943603e+18,"@RJDforIndia @yadavtejashwi рдореЛрджреА рдФрд░ рднрд╛рдЬрдкрд╛ рдХрд┐ рд▓рд╕ рдЖрдЦреАрд░рдХрд╛рд░ рднрд┐рдВрдХ рдордВрдЧреЗ, рдЪреЛрд░ рд▓реБрдЪреНрдЪрд╛ рдХреЗ рдЕрдирдкрдврд╝ рдЧрдВрд╡рд╛рд░ рдЧреБрдВрдбреЗ рдмреЗрдЯреЗ рдиреЗ.....  рдореБрдлреНрдд   рдореБрдлреНрдд   рдореБрдлреНрдд рдХреЗрдВрджреНрд░реАрдп рдЖрд░реЛрдЧреНрдп рд╡рд┐рднрд╛рдЧ рд╕реЗ  рдХреЛрд░реЛрдирд╛ рд╡рд┐рд╖рд╛рдгреБрдУрдВ рдХрд┐ рд▓рд╕ рд▓реЗ рд▓реА|  #cowinapp рддреЛ рдЕрдЧреНрд░рд┐рдо рдкрдВрдЬреАрдХрд░рдг рдирд╣реАрдВ рдХрд░рд╡рд╛рдпрд╛|рдбрд░рд╛ рдзрдордХрд╛рдХрд░ рд▓реЗрдВ рд▓реА рд╣реЛрдВрдЧреА| #PegasusProject #FarmersProtest #BiharFightsCorona",hi
1425277937230618625,Good job everyone  Let's keep up the good work #KisanSansad_vs_ModiSansad #FarmersProtest,en
1423247950558367745,"Wah, Punjab putar Olympic mein, border pe, farmers Delhi border, or sansad ke border pe desh ko glorify kar rahe hain,ese desh ke veero ko naman #FarmersProtest  #FarmersProtest",hi
1425110229478301696,"риХрйЗриВрижри░ рижрйЗ риЭрйВриа риирйВрй░ риириХрйЗри▓ рикри╛риЙриг ри▓риИ, риЪрй▒ри▓ ри░ри╣рйЗ риХри┐ри╕ри╛рии риЕрй░рижрйЛри▓рии рижрйМри░ри╛рии ри╕ри╝ри╣рйАриж ри╣рйЛриП риХри┐ри╕ри╛риири╛риВ рижрйАриЖриВ ридри╕ри╡рйАри░ри╛риВ рикрйНри░рижри░ри╕ри╝ри┐рид риХри░рижрйЗ ри╣рйЛриП @HarsimratBadal_ риирйЗ ринри╛ри░рид ри╕ри░риХри╛ри░ риирйВрй░ рикрйНри░ринри╛ри╡ри┐рид рикри░ри┐ри╡ри╛ри░ри╛риВ ридрй▒риХ рикри╣рйБрй░риЪ риХри░рии риЕридрйЗ риЙриирйНри╣ри╛риВ рижрйА ри╣рйЛриВриж 'ридрйЗ ри╕ри╡ри╛ри▓ риЪрйБрй▒риХриг рижрйА римриЬри╛риП риЙриирйНри╣ри╛риВ риирйВрй░ ри╕ри╣ри╛риЗридри╛ рикрйНри░рижри╛рии риХри░рии ри▓риИ риХри┐ри╣ри╛ред  #FarmersProtest",pa
1423459039095123971,"""LAW 3: The Essential Commodities (Amendment) Act, 2020  While the government cause it farm law but this is an important law that helps prevent hoarding and market monopolization  Hence Important to control food prices""  #MSP_FarmersRight",en
1425331429563535363,рдХрд┐рд╕рд╛рди рдХреА рдЖрд╣ рдЬреЛ рджрд┐рд▓ рд╕реЗ рдирд┐рдХрд╛рд▓реА рдЬрд╛рдПрдЧреА рдХреНрдпрд╛ рд╕рдордЭрддреЗ рд╣реЛ рдХрд┐ рдЦрд╝рд╛рд▓реА рдЬрд╛рдПрдЧреА ! @Jiya_Ziddi  #KisanSansad_vs_ModiSansad #FarmersProtest  https://t.co/UobO0Yggq7,hi
1424618263548473344,Farmers Protest  The Day 256 Of Farmers Protest  #FarmersProtest  #ZeeNews_рджрд▓рд╛рд▓_рдореЛрджреА_рдХрд╛  https://t.co/XdyLE2aZvD,en
1420617670097915905,"Predatory is what happens when true civilisation ends. The Constitution, law, justice remain theories or distant memories.  To illustrate. What emerges from predatory politics is legislations like Land Acquisition Bill, 3 Farm Bills and a host of others. Socially its lynchings.",en
1425052815412449284,"рд░рд╛рдЬреНрдпрд╕рднрд╛ рдореЗрдВ рдЖрдЬ рдХреГрд╖рд┐ рдкрд░ рдЪрд░реНрдЪрд╛ рд╢реБрд░реВ рд╣реА рд╣реБрдИ рдереА рд▓реЗрдХрд┐рди рдХрд╛рдВрдЧреНрд░реЗрд╕, #TMC,#AAP рдХрд╛ рдЬреЛ рдЕрд▓реЛрдХрддрд╛рдВрддреНрд░рд┐рдХ рд░рд╡реИрдпрд╛ рд░рд╣рд╛..рдЙрд╕рдХреА рдореИрдВ рднрд░реНрддреНрд╕рдирд╛ рдХрд░рддрд╛ рд╣реВрдВредрдХреГрд╖рд┐ рдХреЗ рдХреНрд╖реЗрддреНрд░ рдореЗрдВ рдкреАрдПрдо рдореЛрджреА рдиреЗ 2014 рдХреЗ рдмрд╛рдж рд▓рдЧрд╛рддрд╛рд░ рдЬреЛ рдкреНрд░рдпрддреНрди рдХрд┐рдП рд╣реИрдВ рдЙрд╕рд╕реЗ рд▓рдЧрд╛рддрд╛рд░ рдХреГрд╖рд┐ рдХрд╛ рдХреНрд╖реЗрддреНрд░ рдЖрдЧреЗ рдмрдврд╝ рд░рд╣рд╛ рд╣реИ:@nstomar #KisanAndolan #FarmerProtest  https://t.co/pynOEDpGey",hi
1.4209766474407977e+18,"Farmers Protest: рдЬрдВрддрд░-рдордВрддрд░ рдкрд░ 'рдХрд┐рд╕рд╛рди рд╕рдВрд╕рдж' рдореЗрдВ рдХреГрд╖рд┐ рдХрд╛рдиреВрдиреЛрдВ рдХреЛ рдирд┐рд░рд╕реНрдд рдХрд░рдиреЗ рдХреА рдорд╛рдВрдЧ, рдкреНрд░рджрд░реНрд╢рдирдХрд╛рд░рд┐рдпреЛрдВ рдиреЗ рд░рд╛рд╖реНрдЯреНрд░рдкрддрд┐ рд╕реЗ рдХреА рдЕрдкреАрд▓  #FarmersProtest #JantarMantar #FarmLaws #KisanSansad @rashtrapatibhvn    https://t.co/V4eLF0GSeC",hi
1.4209390748194202e+18,"Help spread the word that #рдХрд┐рд╕рд╛рди_рдирд╣реАрдВ_рднрд╛рдЬрдкрд╛_рдорд╡рд╛рд▓реА (not farmers, BJP is mawali).  #FarmersProtest",en
1425145637192929282,@jack farmers have been protesting for over 8 months! We need an emoji for #FarmersProtest  @AlladinPunjabi @BeantSinghToor3 @_Mr__InDiA @_Rajvir_kaur_ @TeamDhaliwal @Jasminekaur212 @fromtrctr2twitr @Chaudharysays_ @JKaurpunjab1387,en
1425332710126534657,Well said Bhagwant Maan ji .@BhagwantMann тЬКЁЯМ╛  We urge .@ArvindKejriwal to come together and support #FarmersProtest   #KisanSansad_vs_ModiSansad  https://t.co/AEuC27W12G,en
1424969842709381120,риЯри┐риХрйИрид ри╕ри╛рим риирйЗ риорйЛрижрйА рижрйА риЪриориЪрйА риирйВрй░ ринрйЗриЙ ринрйЗриЙ риЫри┐рй▒ридри░ риори╛ри░рйЗ риЗриХрй▒ри▓рйА риЗриХрй▒ри▓рйА риЧрй▒ри▓ рижри╛ ридри░риХ риири╛ри▓ риарйЛриХ риХрйЗ риЬри╡ри╛рим рижри┐рй▒ридри╛редред @RakeshTikaitBKU @aajtak #FarmersProtest #BJPMotto_KeepFarmersPoor  https://t.co/xOIjliiY2H,pa
1424697257220210701,риЬрйАрии риЬрйЛриЧрйЬрйЗ рижрйА риЬрйБрй▒ридрйА рикрйИри░рйА риШри╕риХрйЗ риЧри░рйАримрйА рижри╛ риориЬри╝ри╛риХ риХри░рижрйА ри░ри┐ри╣ риЧриП риХри╛ри▓риЬри╛риВ рижрйЗ ри╕рйБрикриирйЗ рижри┐риУри░ рижрйЗ ридрйЗ риорйЛрио риЙрй▒ридрйЗ риЕрй▒риЧ ри╡рй▒ри░рижрйА ЁЯМ╛ #FarmersProtest #Farmers,pa
1423185203904737283,"'рд╣рдо рддреЛ рдлрдХреАрд░ рдЖрджрдореА рд╣реИрдВ рдЬреА рдЭреЛрд▓рд╛ рд▓реЗрдХреЗ рдЪрд▓ рдкрдбреЗрдВрдЧреЗ '... рдЭреЛрд▓реЗ рдореЗрдВ рдХрд┐рд╕рд╛рдиреЛрдВ/рдЧрд░реАрдмреЛрдВ рдХрд╛ рдмрд╣реБрдд рдХреБрдЫ рдЪрд▓рд╛ рдЬрд╛рдПрдЧрд╛, рдмрд╕ рдЭреЛрд▓рд╛ рдЫреЛрдбрд╝ рджреЗрдВ рдмрд╛рдХреА рдЖрдк рдЬрд╛ рд╕рдХрддреЗ рд╣реИрдВ... ЁЯШЕЁЯЩПЁЯП╗ #FarmersProtest #KisanAndolan #RakeshTikait",hi
1.4214718185069158e+18,"From the bottom of my heart, from the deepest of my being, I support #FarmersProtest  We will winтЭдя╕П",en
1426031831267246084,This protests will only end when the three bills are repealed and MSP is recovered.  #MSP_рдХрд╛рдиреВрди_рдмрдирд╛рдирд╛_рдкрдбрд╝реЗрдЧрд╛   #MSP_рдкрд░_рдХрд╛рдиреВрди_рдХрдм_рдмрдиреЗрдЧрд╛  #FarmersProtest,en
1424451341498322949,"Ridiculous attempt by UPSC to defame Farmers protest. As citizens of India, we should be really concerned about it. Tyranny have planted its people within each domain to completely destroy the system. Wake up before itтАЩs too late!   #Modi_KillerOfFarmerRights #FarmersProtest",en
1425271040196988934,With successful completion of #FarmersParliament and even Nation oppositions been part of it itтАЩs pretty evident which Sansad ran democratically &amp; which didnтАЩt!  @Tractor2twitr @DeepSandhu_K @SSsandhu1 @amanmangat08 @Chaudharysays_   #KisanSansad_vs_ModiSansad #FarmersProtest  https://t.co/cRHS7BE7mp,en
1425637673415307266,We are at no for lao mada jeha hor jor #FarmersProtest #Modi_SlaveOfCorporates  https://t.co/hzAmKY3N0u,en
1425703065118666754,"India's agriculture sector needs reforms, the unconstitutionally passed farm bills will only add to the farmers woes.  #FarmersProtest  https://t.co/R9I8zLyfp7",en
1418839302797094912,"#Live- риХри┐ри╕ри╛риири╛риВ рижрйА ри╣рйЛриг ри▓рй▒риЧрйА риЬри╛ри╕рйВри╕рйА, ри╣рйЛриЗриЖ ри╡рй▒рибри╛ риЦрйБри▓ри╛ри╕ри╛ #khabrandeaarpaar #farmers #Farmerprotest #Punjab #Dailyajit #Ajitwebtv Daily Ajit  https://t.co/LJJk3fmDrd",pa
1422427460998623232,"Gurpreet Sohi,  representing team Canada water polo team at the Olympics  #proud  #FarmersProtest",en
1.420718855425454e+18,"рдореИрдВ рдЫреЛрдЯрд╛ рд╣реВрдВ, рдкрд░ рдЬрд┐рдВрджрд╛ рд╣реВрдВ, рдЬрд┐рдВрджрд╛ рд╣реА рдирдЬрд░ рдореЗрдВ рдЖрдКрдВрдЧрд╛  рдмрд▓рджрд╛рдирд┐рдпреЛрдВ рдХреА рдЙрдореНрд░ рдореЗрдВ рдЬрдиреНрдорд╛, рдореБрд░реНрджреЛрдВ рдХреЛ рдЬрдЧрд╛рдиреЗ рдЬрд╛рдКрдВрдЧрд╛  рд╡рд╛рд░рд┐рд╕ рд╣реВрдВ рдореИрдВ рднрдЧрдд рд╕рд┐рдВрд╣ рдХрд╛, рдЗрд╕ рдореМрдд рд╕реЗ рдЗрд╢реНрдХ рд▓рдбрд╝рд╛рдКрдВрдЧрд╛  рд╡рд╛рджрд╛ рд╣реИ рдореЗрд░рд╛ рд╕реБрдирд▓реЗ рдП рдлрд┐рдЬрд╛ рдПрдХ рджрд┐рди рдЗрдВрдХрд▓рд╛рдмреА рдХрд╣рд▓рд╛рдКрдВрдЧрд╛ l                                             #FarmersProtest  https://t.co/nwDWgSPfdW",hi
1426003917557563394,The movement of the Magnetic north pole   Global Food Crisis  The privatization of seeds  https://t.co/MUZnRq3VNf  The politics of seed and its socio-economic impact  Farm Laws that Favour corporates and oppress farmers and rural India #MSP_рдХрд╛рдиреВрди_рдмрдирд╛рдирд╛_рдкрдбрд╝реЗрдЧрд╛  #FarmersProtest,en
1425678297807998978,"The more time Government takes, the more disrespect its earning around the world  #FarmersProtest #Modi_SlaveOfCorporates",en
,"AAP supporters can continue with their whataboutery. However, genuine questions and concerns of the Muslim community in Delhi cannot be ignored. Your party has taken highly communal and explicitly anti-Muslim positions in the past. 83% Muslims did not vote you for this treatment.",en
1.4217669351723295e+18,@DeepKaurSandhu6 @Rupinde53284916 @Gurwinder_5ingh @Harvind16095256 @Harmeet75314963 @har_vchar_jruri @JuggyRiar @SranRamanpreet @samdeepfan @Pb02Romro @Sandeep04069883 Deep Sidhu sahi Banda hai te sahi bande di samaj har kise nu nahi karni aungi.  риХри┐ри╕ри╛рии риориЬрижрйВри░ риПриХридри╛ риЬри╝ри┐рй░рижри╛римри╛риж #FarmersProtest,et
1.4213308756444815e+18,@vinodkapri Everyone has bad patch in LifeтАж  Last 7 years is Mother IndiaтАЩs bad patch and worst thing is its still going on..  #AssamMizoramBorder #FarmersProtest  #Pegasus,en
1424807208047546376,Veere tusi bohut wadiya msg dita loka nu.  риЕридрйЗ риЬрйЛ ри╕риориЭрижри╛ри░ ри▓рйЛриХ ри╣рии риЙри╣ ридри╛риВ ридрйБри╣ри╛рибрйА риЧрй▒ри▓ ри╕риориЭ ри╡рйА риЬри╛ригриЧрйЗ  рикри░ риЬрйЛ ринрйЗрибри╛риВ ри╣рии риЙриирйНри╣ри╛риВ риирйЗ ринрйЗрибри╛риВ ри╣рйА ри░ри╣ри┐ригри╛ ри╣рйИ риЙри╣риири╛риВ риирйВрй░ ридрйЗ римрй▒ри╕ рилри░рйА риЪрйАриЬри╝ри╛риВ риири╛ри▓ риоридри▓рим ри╣рйИ! #FarmersProtest,pa
1424993420011970564,#Ghazipurmorcha Women Team along with Ch. Rakesh Tikat and Baljinder Singh Maan visited the Rape Victim Family for offering condolence and assuring of all the support required for justice !  #humanrights #farmersprotest #DelhiCanttGirl #minorgirl #inhumane #condolence  https://t.co/xbsq6127Au,en
1423608417000689667,"рдкреЗрдЧрд╛рд╕рд╕ рдЬрд╛рд╕реВрд╕реА рдкреНрд░рдХрд░рдг, рдкреЗрдЯреНрд░реЛрд▓ рдбреАрдЬрд▓ рдХреА рдХреАрдорддреЛрдВ рдореЗрдВ рдмрдврд╝рдд рдФрд░ рдХреГрд╖рд┐ рдХрд╛рдиреВрдиреЛрдВ рдкрд░ рдЪрд░реНрдЪрд╛ рдХреА рдорд╛рдВрдЧ рдХреЛ рдЬрд╛рд░реА рд░рдЦрдиреЗ рдХрд╛ рдлреИрд╕рд▓рд╛ рд╡рд┐рдкрдХреНрд╖ рдиреЗ рд▓рд┐рдпрд╛ рд╣реИред  #vsrsnews  #hindinews  #RahulGandhi  #FarmersProtest  #delhi   *рд╡реНрд╣реАрдПрд╕рдЖрд░рдПрд╕ рдиреНрдпреВрдЬрд╝ рднрд╛рд░рддрд╡рд░реНрд╖ЁЯЗоЁЯЗ│* https://t.co/BhcpDL3KSP",hi
1.4210056754385592e+18,@ANI Itna sanata kyon hai bhai? Hearing again K gang active from UK London  #FarmersProtest ЁЯдФЁЯзР #FarmLaws @HMOIndia  https://t.co/N69NC7t3At,in
1426040830775599108,риЧрй▒ри▓ риЙриЧри╛риг ри╡ри╛ри▓рйЗ рижрйА ри╡рйА ри╣рйИ  ридрйЗ риЧрй▒ри▓ риЦри╛риг ри╡ри╛ри▓рйЗ рижрйА ри╡рйА ри╣рйИ  риирйБриХри╕ри╛рии риЬрйЗ риЙриЧри╛риг ри╡ри╛ри▓рйЗ риирйВрй░ ри╣рйИ  ридрйЗ риирйБриХри╕ри╛рии риЦри╛риг ри╡ри╛ри▓рйЗ риирйВрй░ ри╡рйА ри╣рйИ  ри╕рйЛ риЗри╣ ри▓рйЬри╛риИ риЗриХрй▒ри▓рйЗ риХри┐ри╕ри╛риири╛ рижрйА  риири╣рйА ри╕рй▒ринригри╛ рижрйА ри╣рйИ   #MSP_рдХрд╛рдиреВрди_рдмрдирд╛рдирд╛_рдкрдбрд╝реЗрдЧрд╛ #FarmersProtest,pa
1422760159919493122,"We are farmers, stop disrespecting us! The govt doesn't care the farmers but at least they should respect us! #рддрд╛рдирд╛рд╢рд╛рд╣_рдореЛрджреА_рдХрд┐рд╕рд╛рди_рд╡рд┐рд░реЛрдзреА #рдХрд┐рд╕рд╛рдиреЛрдВ_рдХреА_рдХреНрд░рд╛рдВрддрд┐ #FarmersProtest  #рдХрд┐рд╕рд╛рди_рд╡рд╛рд░рд┐рд╕_рдЙрдзрдо_рд╕рд┐рдВрд╣_рдХреЗ  #рдХрд┐рд╕рд╛рди_рдирд╣реАрдВ_рднрд╛рдЬрдкрд╛_рдорд╡рд╛рд▓реА  #рдХрд┐рд╕рд╛рдиреЛрдВ_рдХрд╛_рдЕрдзрд┐рдХрд╛рд░_рджреЛ #рдХрд┐рд╕рд╛рдирдЖрдВрджреЛрд▓рди #рдХрд┐рд╕рд╛рди_рд╕рдВрд╕рдж  https://t.co/e91Zf0oC1U",en
1.4219831907559096e+18,I pledge to keep supporting our Farmers agitation on digital platforms. #FarmersProtest,en
1424558331201470467,Shame on godi media which is spreading full of hatred against farmers!  #ZeeNews_рджрд▓рд╛рд▓_рдореЛрджреА_рдХрд╛ #FarmersProtest  https://t.co/lqBHkGNDCR,en
1425043355700969474,#BJPMotto_KeepFarmersPoor риХри┐ри╕ри╛риири╛риВ рижрйА риЖриорижрии рижрйБриЧриирйА риХри┐риерйЛриВ ри╣рйЛри╡рйЗриЧрйА риЬрйЗ риорй░ридри░рйА риЗри╣ риХри╣рйЗ риХри┐ ри╕ри╛рибрйЗ риХрйЛри▓ #FarmersProtest риЪ ри╕ри╝ри╣рйАриж ри╣рйЛриг ри╡ри╛ри▓рйЗ  риХри┐ри╕ри╛риири╛риВ рижри╛ риХрйЛриИ ри╡рйЗри░ри╡ри╛ ри╣рйА риири╣рйАриВред риирйАриЕрид риЪ риЦрйЛриЯ ри╕ри╛рил ри╣рйИред  https://t.co/8OwDQf444D,pa
1425345175577108481,"There are many people who know you, but there are only few people who understands you   #FarmersProtest",en
,@RahulGandhi_4U @Ashu93462476 @ArvindKejriwal Stop anti Hindu stances in education ; now they have opened mazar ?? Shameless party and his blind supporters  https://t.co/wb9SiGSbNo,en
1.4212947778662318e+18,BJP hate farmers but really it is a weak emotion &amp; a sign of a victory for our successful protest.   #рдХрд┐рд╕рд╛рди_рд╡рд╛рд░рд┐рд╕_рдЙрдзрдо_рд╕рд┐рдВрд╣_рдХреЗ  #FarmersProtest  @GurpreetSBadal @goldisingh_07 @anamikaa_143 @mandeeppunia1 @Tractor2twitr  https://t.co/hzPden21DT,en
1.4211523718460908e+18,рдмреАрдЬреЗрдкреА рдиреЗрддрд╛ рд╢реНрд░реА рдХреИрд▓рд╛рд╢ рдЬреА рд╢реНрд░реАрдЧрдВрдЧрд╛рдирдЧрд░ рд╕реЗ рдЕрдкрдиреА рд╕рд░реНрд╡рд┐рд╕ рдХрд░рд╡рд╛рдХрд░ рдЬрд╛рддреЗ рд╣реБрдП..ЁЯШЙ ЁЯСЗ  #рдХреГрд╖рд┐_рдХрд╛рдиреВрди_рд░рджреНрдж_рдХрд░реЛ  #KisanAndolan  #FarmersProtest  https://t.co/HM2eUwptz2,hi
1422499657800818689,"рдЖрдард╡реЗрдВ рджрд┐рди, рдХрд┐рд╕рд╛рди рд╕рдВрд╕рдж рдиреЗ рд╡рд┐рджреНрдпреБрдд рд╕рдВрд╢реЛрдзрди рд╡рд┐рдзреЗрдпрдХ 2020 рдкрд░ рдЖрдЧреЗ рдХреА рдЪрд░реНрдЪрд╛ рдХреА рдФрд░ рдХрд╣рд╛ рдХрд┐ рдРрд╕реЗ рдХрд┐рд╕рд╛рди-рд╡рд┐рд░реЛрдзреА рдФрд░ рдЬрди-рд╡рд┐рд░реЛрдзреА рдХрд╛рдиреВрди рдХреЗрдВрджреНрд░ рд╕рд░рдХрд╛рд░ рдХреЗ рдХреЙрд░реНрдкреЛрд░реЗрдЯ-рд╕рдорд░реНрдердХ рдЪреЗрд╣рд░реЗ рдХреЛ рдЙрдЬрд╛рдЧрд░ рдХрд░рддреЗ рд╣реИрдВl  тЮбя╕П рдкрдврд╝рд┐рдП рдкреВрд░рд╛ рдкреНрд░реЗрд╕ рдиреЛрдЯ :   #FarmersProtest l #FarmersParliament  https://t.co/FEbgKRME0V",hi
1421106729568309254,"@NPANNU4 Strength, unity, and literally no other choice. ЁЯЩПЁЯП╛   #рдХрд┐рд╕рд╛рди_рдирд╣реАрдВ_рднрд╛рдЬрдкрд╛_рдорд╡рд╛рд▓реА #FarmerProtest",en
1.422022280574505e+18,@Drkhinda2 Saying is Women makes men perfect!!  Thts truely happening in every part of farmers protest!!  More power to our farmers!!  #FarmersProtest  #7DaysOf_FarmersParliament,en
1422202572107141130,A patriot must always be ready to defend his country against his government. That's true patriotism  #FarmersProtest   14:28:10,en
1422839076248461317,риорйИриВ рижри╛риЕри╡рйЗ риири╛ри▓ риХри╣ри┐ригри╛ ри╕риХрйВри▓ри╛риВ ри╡ри┐риЪ римрй▒риЪри┐риЖриВ рижрйА рилрйАри╕ риЬриори╛риВ риХри░ри╛риЙриг ридрйЛриВ римри╛риЕриж риХри░рйЛриири╛ рижрйА ридрйАриЬрйА ри▓ри╣ри┐ри░ ри╕ри╝рйБри░рйВ ри╣рйЛ риЬри╛ригрйА риР ЁЯТпЁЯд╖ЁЯП╗тАНтЩВя╕ПтШая╕П #schoolreopening #FarmersProtest #opneschoolregularly,pa
1426044122666831875,#StandWithFarmers Day 182  I still stand in solidarity with the #FarmersProtest!   Without farmers there is no food!  https://t.co/dWSkXAtqZE,en
1.421285409267458e+18,Today's Hashtag (31/07/2021)  #рдХрд┐рд╕рд╛рди_рд╡рд╛рд░рд┐рд╕_рдЙрдзрдо_рд╕рд┐рдВрд╣_рдХреЗ #FarmersProtest   Like ! Tweet ! Retweet ! Share ! Spread  https://t.co/87jz3TscWO,en
1424188105561497600,Ek deepak ne ser chukia Usne kiha mein hanare nu challenge karda ЁЯХпя╕П #FarmersProtest  Vid : hindashouse on insta  https://t.co/IQC0UOGIkM,et
1425315546581508096,@jack bhai Delhi ke border pe kisan last 8 month se bethe ha 48┬░ temperature me #FarmersProtest Emoji de do Aur Ik tweet krdo #FarmersProtest hastag lga k farmers k liye,ht
1.42081260421419e+18,@BhattiChd03 @jdhillonA @pk13491349 @jattimalvain @ChdVarinder @Pawan86025155 @dhillon_pwn @Tegvirsingh15 @Arsh92549216 @Deepbal4444 @Sukhwindo @NPANNU4 @kyabro_ @J_Taunque @DYOLSINGH @MBA313_MBA Jo refinned ta tin 1200 de aeound si in March 2020 Oh ajj di date vich 2150 da Only reason modi #FarmersProtest #рдХрдВрдкрдирд┐рдпреЛрдВ_рдХреА_рдореЛрджреА_рд╕рд░рдХрд╛рд░,ht
1424611115175014407,"@narendramodi Quit India movement had minimal to zero impact. It was Netaji and his INA which set India free. Sad to see such comment from you. Unless you set the facts straight..rewrite true history, nation building will be a dream and you will continue to get obstacles (farm law)",en
1426088661020385282,"ридрйБри╕рйАриВ римриЬри╝рйБри░риЧри╛риВ риирйВрй░ риЧри▓рид римрйЛри▓ ри░ри╣рйЗ ри╣рйЛ ( ри░ри╛риЬрйЗри╡ри╛ри▓ , ри░рйБри▓рижрйВ ,etc.)  ридрйЗ риЕри╕рйАриВ риирйМриЬри╡ри╛риири╛риВ риирйВрй░ риЧри▓рид римрйЛри▓ ри░ри╣рйЗ риЖриВ   ри╡рй▒ри▓рйЛриВ : риори╛рииридри╛ рикрйНри░ри╛рикрид риЯри╛риКриЯ ри╕ринри╛ (reg.) #FarmersProtest",pa
1424609103058403328,"рдпреЗ рдХреИрд╕рд╛ рд░рд╛рдорд░рд╛рдЬреНрдп рд╣реИ рдЬрд┐рд╕рдореЗрдВ рдХрд┐рд╕рд╛рди рдФрд░ рдХрд┐рд╕рд╛рди рд╕рдорд░реНрдердХреЛ рдХреЛ рдорд╡рд╛рд▓реА.... рдЖрдиреНрджреЛрд▓рдирдЬреАрд╡реА ,рдЦрд╛рд▓рд┐рд╕реНрддрд╛рдиреА,  рджреЗрд╢рджреНрд░реЛрд╣реА, рдЖрддрдВрдХреА ,рдЧрджреНрджрд╛рд░ рдХрд╣рд╛ рдкрд░.. рдЖрдЬ рджреЗрд╢ рдЧрд░реНрд╡ рдХрд░ рд░рд╣рд╛ рд╣реИ рд╡рд╣реА рдХрд┐рд╕рд╛рди рдкреБрддреНрд░реЛ рдкрд░ рдЬреЛ рдХрд┐рд╕рд╛рди рдЖрдВрджреЛрд▓рди рдХреЗ рд╕рдорд░реНрдерди рдореЗрдВ рдЦрдбрд╝реЗ рдереЗред #рдХрд┐рд╕рд╛рди_рджреЗрд╢_рдХреА_рд╢рд╛рди #FarmersProtest  #рдХрд┐рд╕рд╛рди_рдкреБрддреНрд░",hi
1422583998425927683,I am proudly an Indian ЁЯЗоЁЯЗ│ and YES I do oppose the black farm bills of Modi govt.   #FarmersProtest #рдореИрдВ_рд╕рд░реНрд╡рдкреНрд░рдердо_рдХрд┐рд╕рд╛рди_рд╣реВрдБ yes m proud indian,en
1424041924789374979,рдмрдЬрд░рдВрдЧ рдкреБрдирд┐рдпрд╛ рд╡ рдиреАрд░рдЬ рдЪреЛрдкрдбрд╝рд╛ рддреАрдиреЛрдВ рдХреГрд╖рд┐ рдмрд┐рд▓реЛрдВ рдХрд╛ рд╡рд┐рд░реЛрдз рдЬрддрд╛ рдЪреБрдХреЗ. #FarmersProtest,hi
1424247485980037127,"ItтАЩs has been said in India since long тАЬ риЬрйИ риЬри╡ри╛рии, риЬрйИ риХри┐ри╕ри╛риитАЭ тАЬ #FarmersShineInOlympics Keep tweeting plz to support Farmers and players . LetтАЩs us roar louder ....  Proud Congratulations #FarmersProtest  https://t.co/tvVQzzwo7D",en
1423261848107819014,No Appeal Only Repeal of Black Farm Laws will satisfy #FarmersProtest ЁЯЪЬЁЯЪЬ #рдореЛрджреА_рд╕рдмрд╕реЗ_рдмрдбрд╝реА_рдкрдиреМрддреА #рдореЛрджреА_рд╕рдмрд╕реЗ_рдмрдбрд╝реА_рдкрдиреМрддреА  https://t.co/OkBLZu9uYc,en
1422420953825349633,"#Farmers resilience has been remarkable. They have sat through the harsh winter, scorching heat and now continuous rain at #Delhi borders.  #FarmersProtest  https://t.co/oIoRv3M4yP",en
1422516178736590848,"Where you see wrong or inequality or injustice, speak out, because this is YOUR country. This is YOUR democracy. Make it. Protect it. Pass it on.  ЁЯУвSpeak up for FARMERS.  #FarmersProtest   11:14:20",en
1426057171955978240,"@Swamy39 @DeccanHerald Good reminder of recent past and Indian opposition leaders should learn and rethink over ,370,CAA and farmers protest  issue. And in nation's interest they should support Modi Govt.",en
1420558070568996865,"риУ риорйВри░риЦ ри▓рйАрибри░рйЛ ! ри╕ри╛риирйВрй░ риорйБрй▒риЦ риорй░ридри░рйА ри╣ри┐рй░рижрйВ , ри╕ри┐рй▒риЦ риЬри╛риВ рижри▓ри┐рид риири╣рйАриВ , ри╕риЧрйЛриВ ри╕рйВриЭри╡ри╛рии , риХри╛римри┐ри▓ риЕридрйЗ риЗриори╛риирижри╛ри░ риЪри╛ри╣рйАрижри╛ ри╣рйИ ред ри╣рйБриг ри╡рйА рижрйЗри╕ри╝ рижри╛ ри░ри╛ри╕ри╝риЯри░рикридрйА рижри▓ри┐рид ри╣рйИ , рикрй░риЬри╛рим рижри╛ риорйБрй▒риЦ риорй░ридри░рйА ри╕ри┐рй▒риЦ ри╣рйИ , рикрйНри░ризри╛рии риорй░ридри░рйА ри╣ри┐рй░рижрйВ ри╣рйИ ред рижрй▒ри╕рйЛ ридрйБри╣ри╛рибри╛ ридрйЗ ридрйБри╣ри╛рибрйЗ римрй▒риЪри┐риЖриВ рижри╛ риХрйА ри╕рй░ри╡ри╛ри░ рижри┐рй▒ридри╛  #рдХрдВрдкрдирд┐рдпреЛрдВ_рдХреА_рдореЛрджреА_рд╕рд░рдХрд╛рд░ #FarmerProtest  https://t.co/3sgRMXEAU2",pa
1.4210612536533565e+18,@BJP4UP рд▓рдЦрдирдК рддреБрдореНрд╣рд╛рд░реЗ рдмрд╛рдк рдХреА рд╣реИ рдпрд╛ рдпреЛрдЧреА рдХреЗ рдмрд╛рдк рдХреА?? рд╣рдорд╛рд░реА рдЬрд╣рд╛рдВ рдорд░реНрдЬрд╝реА рд╡рд╣рд╛рдВ рдЬрд╛рдПрдВрдЧреЗред рдЖрдЬрд╛рдж рднрд╛рд░рдд рд╣реИ рд╣рд░ рдПрдХ рдЗрдВрд╕рд╛рди рдЖрдЬрд╛рдж рд╣реИрдВ рдХреЛрдИ рдХрд╣реАрдВ рднреА рдЬрд╛ рд╕рдХрддрд╛ рд╣реИредред  #FarmersProtest,hi
1418377372328333313,"@AdityaTrivedi_ рдзрд░рдирд╛ рддреЛ рдмрд╣рд╛рдирд╛ рд╣реИ, рдЧреБрдВрдбрд╛ рдЧрд░реНрджреА рдХрд░ рдХреЗ, рдЕрдкрдиреА рд╕реЛрдИ рд░рд╛рдЬрдиреАрддрд┐рдХ рдХрд┐рд╕реНрдордд рдХреЛ рдЬрдЧрд╛рдирд╛ рд╣реИ, рдФрд░ рднреЛрд▓реЗ рднрд╛рд▓реЗ рдХрд┐рд╕рд╛рди рднрд╛рдЗрдпреЛрдВ рдХреЛ рдореВрд░реНрдЦ рдмрдирд╛рдирд╛ рд╣реИред #FarmerProtest #Dharnajivis #FarmLaws",hi
1423688440114147330,"рд▓рдЦрдирдК рддреЗрд░реЗ рднрд╛рдЧреНрдп рдмрдбрд╝реЗ рд╣реИрдВ, рддреЗрд░реЗ рдкреНрд░рд╛рдВрдЧрдг рдореЗрдВ рд░рд╛рдХреЗрд╢ рдЯрд┐рдХреИрдд рдЬреА рдЦрдбрд╝реЗ рд╣реИрдВред #FarmersProtest #MSP_FarmersRight  @Kisan_ItCell  https://t.co/ylkvjxDd4X",hi
1422162417132339202,@DhaliwalMand @vasoolibai @ishehnaaz_Gills @Jashan23061829 @malwabelt05 @_PlutoQueen_ @Chaudharysays_ @JKaurpunjab1387 @_Mr__InDiA @earth__queen @cobra07_king @_Rajvir_kaur_ @Double__Barrel @ThorSingh12 @BeebaBoySingh @Dukhbirspagal @GurpreetPunia8 @RaBinD____PaL @DeepSandhu_K @BPSDG44 @PrinceArihan ри╕ри╛риирйВрй░ риори╛риг рикрй░риЬри╛римрйА ри╣рйЛриг ридрйЗ.....(41) #FarmersProtest  #ProudPunjabi,pa
1422400230289395716,#рдХрд┐рд╕рд╛рдиреЛрдВ_рдХреА_рдХреНрд░рд╛рдВрддрд┐  #FarmersProtest  #рдХрд┐рд╕рд╛рди_рдЕрдкрдирд╛_рд╣рдХ_рдорд╛рдВрдЧрддрд╛  рд╣рдо рдХрд┐рд╕рд╛рдиреЛрдВ рдХреЗ рд╕рд╛рде рд╣реИрдВ! рдпреЗ рдкрд╛рдЦрдВрдбрд┐рдпреЛрдВ рдХреА рд╕рд┐рддрдордЧрд░ рд╕рд░рдХрд╛рд░ рдЪрд╛рд╣реЗ рдЬрд┐рддрдиреЗ рднреА рдЬреБрд▓реНрдо рдврд╛рд╣ рд▓реЗ рд▓реЗрдХрд┐рди рдЖрдЦрд┐рд░ рдореЗрдВ рдЬреАрддреЗрдЧрд╛ рддреЛ рдХрд┐рд╕рд╛рди рд╣реАред  https://t.co/A1nr4Iiz0S,hi
1425141953092472836,#Opposition MPs climbed on the officials' table and threw files when a discussion on #FarmersProtest was initiated in the #RajyaSabha | #MonsoonSession    https://t.co/iOkzAT0O1d,en
